family;name;class;cap-diameter;cap-shape;cap-surface;cap-color;does-bruise-or-bleed;gill-attachment;gill-spacing;gill-color;stem-height;stem-width;stem-root;stem-surface;stem-color;veil-type;veil-color;has-ring;ring-type;spore-print-color;habitat;season
Agaricacae;Abruptly-bulbous Agaricus;c;[7.5,15];[x,f];[s,i,d,k,h];[w];[t];[e];[c];[w,p,n];[7.5,15];[10,15];[b];[s];[w];[p];[w];[f];[f];[u,n];[d];[u,a]
Agaricacae;Horse Mushroom;e;[7.5,15];[x];[s,y];[w];[t];[e];[c];[w,g,k,n];[7.5,12.5];[10,20];[e];[s];[w];[p];[w];[t];[p];[k,n];[g,m,w];[u,a]
Agaricacae;Prince;e;[10,25];[x,f];[i,y];[y];[t];[e];[c];[w,p,n];[7.5,12.5];[20,35];[r];[k,y];[f];[p];[w];[t];[p];[n];[g,p];[u]
Agaricacae;Spring Agaricus;e;[5,15];[x,f];[i];[n];[f];[e];[c];[p,n];[2.5,5];[10,30];[e];[s];[w];[p];[w];[t];[p,r];[n];[u];[s,u,a]
Agaricacae;California Agaricus;p;[5,10];[x,f];[s,y];[w,n,y];[f];[e];[c];[w,p,n];[2.5,10];[10,15];[e];[s];[w];[p];[w];[t];[p];[n];[u];[a]
Agaricacae;Meadow Mushroom;e;[2.5,10];[x,f];[s,i];[w,g,n];[f];[e];[c];[p,n];[2.5,5];[10,15];[e];[i,s];[f];[p];[w];[t];[e];[n];[g];[s,u]
Agaricacae;Bleeding Agaricus;c;[2.5,10];[x,f];[i,d,y];[n];[t];[e];[c];[w,p,n];[5,12.5];[10,20];[b];[f];[w,g];[p];[w];[t];[p];[n];[d];[u,a]
Agaricacae;Felt-ringed Agaricus;p;[7.5,15];[x];[d,s,i];[w,g];[f];[e];[c];[p,n];[7.5,15];[10,20];[b];[s];[w];[p];[w];[t];[p];[n];[d];[a]
Agaricacae;Western Flat-topped Agaricus;p;[5,15];[p,x,f];[d,y];[g,n];[f];[e];[c];[g,p,n];[5,18];[10,25];[b];[k];[n];[p];[w];[t];[l];[n];[g,p,d];[a]
Agaricacae;Wine-colored Agaricus;c;[5,15];[x,f];[d,y,i];[w,n];[f];[e];[c];[w,p,n];[5,20];[10,20];[s];[i,s];[w];[p];[w];[t];[r];[n];[d];[a]
Agaricacae;Yellow-foot Agaricus;p;[6,18];[p,c,f];[d,s];[w,g];[t];[e];[c];[w,p,n];[5,15];[20,25];[b];[i,s];[w];[p];[w];[t];[r,p];[n];[u,p];[a]
Agaricacae;Green-spored Lepiota;p;[5,30];[o,f];[d,s];[w];[f];[e];[c];[w,r];[10,25];[10,25];[s];[s];[w];[p];[w];[t];[p];[r];[u,m];[u]
Agaricacae;Pungent Cystoderma;u;[2.5,5];[c,x];[w];[n];[f];[x];[c];[w];[4,7];[3];[e];[s];[w,n];[p];[n];[t];[e];[w];[d];[u,a]
Agaricacae;Common Conifer Cystoderma;u;[2.5,5];[x,f];[g];[n];[f];[x];[c];[w];[2.5,7.5];[3,5];[b];[s];[w];[p];[n];[t];[p];[w];[d];[a]
Agaricacae;Tuberous Cystoderma;u;[1,3.5];[x,f];[g,y,d,f];[u];[f];[x];[d];[u,n];[5,7.5];[5,10];[s];[g];[g];[u];[n];[f];[f];[w];[d];[a]
Agaricacae;Sharp-scaled Lepiota;r;[5,10];[p,x,f];[d,f,y];[n];[f];[e];[c];[w];[5,10];[10,15];[b];[i,s];[n];[p];[w];[t];[e];[w];[w];[u,a]
Agaricacae;Reddening Lepiota;e;[2.5,15];[p,x,f];[s, y];[p,u,w];[t];[e];[c];[w,e];[7.5,12.5];[5,20];[s];[s];[w,e];[p];[w];[t];[m,e];[w];[w];[u,a]
Agaricacae;Black-disc Lepiota;r;[1,5];[x,f];[i,d];[w,k];[f];[e];[c];[w];[2.5,7.5];[1.5,5];[s];[d,s];[w];[p];[w];[t];[e];[w];[d];[a]
Agaricacae;Onion-stalked Lepiota;r;[2.5,7.5];[b,c,f];[g,y];[w];[f];[e];[c];[w];[5,12.5];[3,5];[b];[s];[w];[p];[w];[t];[p];[w];[w];[u]
Agaricacae;Shaggy-stalked Lepiota;p;[2.5,7.5];[b,x,f];[i,y];[n,y];[f];[e];[c];[w];[5,10];[3,5];[e];[y,k];[n];[p];[w];[t];[e];[w];[d];[u,a]
Agaricacae;Malodorous Lepiota;p;[1.5,5];[x,f];[s,y];[w,n];[f];[e];[c];[f];[2.5,7.5];[1.5,5];[e];[s,k];[w,p];[p];[w];[t];[e];[w];[d,p,w];[u,a]
Agaricacae;Deadly Lepiota;p;[2.5,5];[x,f];[y];[w];[f];[e];[d];[w,y];[3,5];[60,110];[e];[k,y];[n];[p];[w];[t];[e];[w];[w,u];[w]
Agaricacae;Lemon-yellow Lepiota;p;[2.5,5];[b,c,f];[g,y];[y];[f];[e];[c];[w];[5,7.5];[1.5,5];[s];[f];[y];[p];[y];[t];[m,e];[w];[w,u];[u]
Agaricacae;Smooth Lepiota;c;[5,10];[x];[d,s,i,y];[w,g];[f];[e];[c];[w,p];[5,15];[5,15];[s];[s,k];[w];[p];[w];[t];[m];[w];[g];[a]
Agaricacae;Parasol;c;[7.5,20];[b,x,f];[i,y];[n,w];[f];[e];[c];[w];[12.5,40];[10,13];[b];[y];[w,n];[p];[w];[t];[m];[w];[p,d];[u,a]
Agaricacae;Shaggy Parasol;c;[7.5,20];[x,f];[s,i,y];[g,n,w];[t];[e];[c];[w];[10,20];[10,25];[c,b];[s];[w];[p];[w];[t];[m];[w];[p,u];[a]
Agaricacae;Red-tinged Lepiota;r;[2.5,7.5];[x,f] ;[s,y];[e,p,w];[f];[e];[c];[w];[5,10];[3,10];[c];[s,y];[w];[p];[w];[t];[p];[w];[d,w];[u,a]
Agaricacae;Red-gilled Agaricus;u;[1.5,4];[c,f];[y];[n];[f];[e,x];[c];[e,n];[2.5,7.5];[1,3];[b];[s];[e,n];[p];[f];[f];[f];[e,n];[w];[u]
Agaricacae;Golden False Poliota;r;[5,30];[x,f] ;[s];[n];[f];[x];[c];[y,n];[10,25];[15,50];[s];[s];[o];[p];[n];[t];[r,p];[n];[w];[a]
Agaricacae;Knobbed Squamanita;u;[3,6];[c,f];[d,i,y];[n];[f];[x];[c];[w];[2.5,7.5];[5,20];[b];[i,y];[w];[u];[f];[f];[f];[w];[d];[u]
Amanitaceae;Western Yellow Veil;p;[5,10];[x,f];[t,s];[n,y,g];[f];[e,x];[c];[w];[7.5,15];[10,20];[b];[f];[y];[u,p];[y];[t];[p];[w];[d];[a,w]
Amanitaceae;Cleft-foot Amanita;p;[2.5,15];[x,f];[t,i];[n,w];[f];[e];[c];[w];[5,15];[10,20];[b];[s];[n];[u,p];[w,n];[t];[p];[w];[d];[u,a]
Amanitaceae;America's Caesar's Mushroom;c;[5,13];[p,x,f];[t,s];[e,o,y];[f];[e];[c];[y];[7.5,20];[3,20];[e];[s,y];[y];[u,p];[w,y];[t];[p];[w];[d];[u,a]
Amanitaceae;Coccora;c;[10,30];[x,f];[t,s];[o,n,y,w];[f];[e,x];[c];[w,y];[10,20];[20,30];[e];[s];[w,y];[u,p];[w,y];[t];[p];[w];[d];[a,s]
Amanitaceae;Rag-veil Amanita;u;[7.5,15];[x,f,s];[t];[g];[f];[e];[c];[w];[10,15];[10,15];[c];[i];[w];[u,p];[w,g];[t];[e];[w];[d];[u]
Amanitaceae;Citron Amanita;r;[5,10];[x,f];[t];[y];[f];[e,x];[c];[w];[7.5,12.5];[10,15];[b];[s];[w];[u,p];[w];[t];[p];[w];[d];[u,a]
Amanitaceae;Coker's Amanita;r;[7.5,15];[x,f];[s,h];[w];[f];[e,x];[c];[w,p];[12.5,20];[15,20];[r];[k];[w];[u,p];[w];[t];[p];[w];[d];[u,a]
Amanitaceae;Booted Amanita;p;[2.5,10];[p,x,f,s];[t,s];[w,y];[f];[e];[c];[w];[5,12.5];[3,15];[b];[y];[w];[u,p];[w];[t];[p];[w];[d];[u,a]
Amanitaceae;Powder-cap Amanita;u;[2.5,7.5];[b,x,f];[g];[g];[f];[e];[c];[w];[2.5,7.5];[3,10];[b];[f];[w];[u];[g];[f];[f];[w];[d,g];[u,a]
Amanitaceae;Yellow Patches;u;[2.5,7.5];[x,f];[s,t];[o,y];[f];[e];[c];[w,y];[5,10];[5,15];[b];[s];[w,y];[u,p];[y,w];[t];[p];[w];[d];[u,a]
Amanitaceae;Yellow Blusher;u;[5,10];[x];[s,t];[y];[t];[e,x];[c];[w];[5,12.5];[10,20];[c,b];[s];[w];[u,p];[w,y];[t];[p];[w];[u,d];[u,a]
Amanitaceae;Tawny Grisette;c;[5,10];[x,f];[s];[n,w];[f];[e];[c];[w];[7.5,15];[3,15];[e];[i];[w];[u];[w];[t];[l];[w];[d];[u]
Amanitaceae;Gemmed Amanita;p;[2.5,10];[x,f];[t,s];[y];[f];[e,x];[c];[w];[5,12.5];[5,20];[b];[s];[w];[u,p];[w];[t];[e,p];[w];[d,u];[u,a]
Amanitaceae;Strangulated Amanita;r;[5,12.5];[x,f];[t];[k,g];[f];[e];[c];[w];[5,15];[10,15];[s];[f];[g];[u];[g];[f];[f];[w];[d,u];[u,a]
Amanitaceae;Fly Agaric;p;[5,25];[x,f,s];[t,s];[e];[f];[e,x];[c];[w];[5,18];[3,30];[b];[i,y];[w];[u,p];[w];[t];[p,e];[w];[d];[u,a]
Amanitaceae;Yellow,orange Fly Agaric;p;[5,15];[x,f];[t,s];[y,o];[f];[e,x];[c];[w];[5,15];[5,30];[s,b];[i,y];[w,o];[u,p];[y,p];[t];[p,e];[w];[d];[u,a]
Amanitaceae;Panther;p;[2.5,15];[s,x,f,p];[t,s];[n,w];[f];[e,x];[c];[w];[5,17.5];[10,25];[s,b];[i,y];[w];[u,p];[w];[t];[p];[w];[d];[u,a]
Amanitaceae;False Caesar's Mushroom;u;[2.5,12.5];[s,x,f,p];[t,s];[o];[f];[e];[c];[y];[2.5,12.5];[3,15];[b];[f];[y];[u];[y];[f];[f];[w];[d,u];[u]
Amanitaceae;Death Cap;p;[6.5,15];[x];[t,s,i];[r,n,w];[f];[e];[c];[w];[7.5,12.5];[15,20];[b];[s];[y];[u,p];[f];[t];[p];[w];[d];[a]
Amanitaceae;Gray-veil Amanita;p;[2.5,7.5];[x,f];[t,s];[n,g];[f];[e];[c];[w];[5,12.5];[10,15];[b];[i];[w];[u,p];[g];[t];[e];[w];[d];[u,a]
Amanitaceae;Blusher;c;[5,15];[x,f];[t,s];[n];[t];[e,x];[c];[w];[7.5,20];[5,20];[s];[s,i];[w];[u,p];[w];[t];[l];[w];[d];[u,a]
Amanitaceae;Western Woodland Amanita;u;[5,12.5];[x,f];[t];[w];[f];[e,x];[c];[w];[5,12.5];[15,25];[s,b,r];[f];[w];[u,p];[w];[t];[e];[w];[d];[u,a]
Amanitaceae;Smith's Amanita;u;[5,12.5];[x,f];[t];[w];[f];[e,x];[c];[w];[10,20];[10,30];[b];[y];[w];[u,p];[w,n];[t];[g];[w];[d];[a]
Amanitaceae;Stout-stalked Amanita;u;[5,15];[x,f];[t,h,s];[g];[f];[e,x];[c];[w];[7.5,12.5];[10,20];[c,b];[i];[w,g];[u,p];[g,w];[t];[p];[w];[d];[u,a]
Amanitaceae;Hated Amanita;c;[5,12.5];[s,x,f];[t,s];[g,n];[f];[e];[c];[w];[10,15];[10,20];[e];[i];[w];[u,p];[w];[t];[e];[w];[d];[u]
Amanitaceae;Grisette;c;[5,10];[b,x,f];[t,s];[g];[f];[e];[c];[w];[10,20];[10,15];[e];[s];[w];[u];[w];[f];[f];[w];[d,g];[u]
Amanitaceae;Orange Spring Amanita;c;[5,15];[x,f];[t,s];[o,y,w];[f];[e,x];[c];[w];[5,12.5];[10,20];[u];[y];[w];[u];[w];[f];[f];[w];[g];[s]
Amanitaceae;Destroying Angel;p;[5,12.5];[x,f];[t,s,h];[w];[f];[e,x];[c];[w];[7.5,20];[5,20];[b];[i];[w];[u,p];[w];[t];[l,p];[w];[d,g];[u,a]
Amanitaceae;Volvate Amanita;r;[5,7.5];[x,f];[d,i,y];[w];[t];[e];[c];[w];[5,10];[5,10];[s];[d];[w];[u];[w];[f];[f];[w];[d];[u,a]
Amanitaceae;Salmon Amanita;u;[2.5,12.5];[x,f];[t];[o,p,n,y];[f];[e,x];[c];[y,w];[7.5,15];[5,25];[b];[d,s];[y];[u,p];[y];[t];[e];[w];[d];[u]
Amanitaceae;Slimy,veil Limacella;u;[2.5,7.5];[x,f];[t,d];[n,p];[f];[e,x];[c];[w];[5,10];[5,10];[e];[s,k,d];[n];[u,p];[f];[f];[f];[w];[d];[u,a]
Amanitaceae;Ringed Limacella;u;[2.5,7.5];[x,f];[t];[w,n];[f];[x];[c];[w];[7.5,10];[10,15];[e];[s];[w];[u,p];[w];[t];[l,p];[w];[d,m];[u]
Bolbitiaceae;Maple Agrocybe;c;[3,10];[x,f];[s,w];[y];[f];[x];[c];[w,n];[5,10];[5,10];[z];[f];[w];[p];[f];[t];[l];[n];[w];[s,u,a]
Bolbitiaceae;Hard Agrocybe;r;[4,10];[x,f];[d,s];[w,n];[f];[x];[c];[w];[4,10];[5,15];[e];[s];[w];[p];[f];[t];[e];[n];[g,w];[s]
Bolbitiaceae;Hemispheric Agrocybe;c;[1,2.5];[p,x];[s];[y];[f];[x];[c];[w,n];[2,5];[1.5,3];[e];[e];[y,n];[f];[f];[f];[f];[n];[u,g,w];[s,a]
Bolbitiaceae;Spring Agrocybe;c;[3,9];[x,f];[d,s];[n];[f];[x];[c];[w,n];[3,10];[3,15];[e];[d];[w];[p];[f];[t];[z];[n];[u,d];[s]
Bolbitiaceae;Yellow Bolbitius;e;[2,5];[c,b];[g,t];[y];[f];[x,e];[c];[y,n];[3,8];[1.5,3];[s];[h];[y];[f];[f];[f];[f];[n];[w];[s,a]
Bolbitiaceae;Deadly Conocybe;p;[0.5,2.5];[c,x,f];[d,s];[n];[f];[s];[c];[w,b];[1,4];[1,1.5];[e];[f];[y,n];[p];[f];[t];[m];[n];[g,w];[u,a]
Bolbitiaceae;White Dunce Cap;e;[1,2.5];[c];[s];[w];[f];[e];[c];[w,n];[4,10];[1.5];[b];[w];[w];[f];[f];[f];[f];[e];[g,u];[s,u]
Bolbitiaceae;Bog Conocybe;c;[0.3,1];[c,f];[s];[n,y];[f];[x];[c];[w,n];[1,6];[1,1.5];[e];[i];[w];[p];[f];[f];[f];[n];[w];[a]
Bolbitiaceae;Brown Dunce Cap;r;[1,2];[c,b];[s];[n];[f];[e];[d];[n];[4,8.5];[1.5];[e];[s];[n];[f];[f];[f];[f];[n];[g,u];[s,a]
Bolete;Shaggy,stalked Bolete;e;[3,9];[x];[s];[o,n,y];[f];[f];[f];[f];[10,20];[5,20];[e];[w];[e,y,w];[f];[f];[f];[f];[n];[d];[u,a]
Bolete;Russell's Bolete;e;[3,13];[p,x];[y];[y,g];[f];[f];[f];[f];[10,20];[10,20];[e];[t];[e];[f];[f];[f];[f];[r];[d];[s,u]
Bolete;Ash-tree Bolete;e;[5,12];[s];[d];[n];[t];[f];[f];[f];[2,4];[5,25];[e];[s];[n];[f];[f];[f];[f];[n];[d];[u,a]
Bolete;Spotted Bolete;e;[3.5,10];[x,f];[d,s];[n];[f];[f];[f];[f];[3,10];[10,20];[s];[d,s];[w,n,e];[f];[f];[f];[f];[n];[d];[s,u]
Bolete;Bay Bolete;e;[3,10];[x,f];[t,d];[n,e];[t];[f];[f];[f];[4,9];[10,20[;[e];[f];[y,e];[f];[f];[f];[f];[n];[d,w];[u,a]
Bolete;Two-colored Bolete;e;[5,15];[x,f];[d];[e,p,y];[t];[f];[f];[f];[5,10];[10,30];[c];[d,s];[y];[f];[f];[f];[f];[n];[d];[u,a]
Bolete;Red-cracked Bolete;e;[3,8];[x,f];[d,k];[n];[t];[f];[f];[f];[4,6];[5,10];[e];[f];[e,y];[f];[f];[f];[f];[n];[d,p];[u,a]
Bolete;King Bolete;e;[8,25];[x,f];[t,s];[n,y];[t];[f];[f];[f];[10,25];[20,40];[c,b];[w];[w,n];[f];[f];[f];[f];[n];[d];[u,a]
Bolete;Frost's Bolete;r;[5,15];[x,f];[h,t];[e,y];[t];[f];[f];[f];[4,12];[10,25];[e];[w];[e,y];[f];[f];[f];[f];[n];[d];[u,a]
Bolete;Admirable Bolete;e;[7,15];[x,f];[d,i,y];[n,w];[t];[f];[f];[f];[8,15];[10,30];[c];[d,s,w];[p,y];[f];[f];[f];[f];[n];[w];[a,w]
Bolete;Ornate-stalked Bolete;e;[4,20];[x,f];[t,k];[w,r,g];[t];[f];[f];[f];[8,15];[10,35];[e];[f];[y];[f];[f];[f];[f];[n];[d];[u]
Bolete;Parasitic Bolete;c;[2,8];[x];[d];[y,n];[t];[f];[f];[f];[3,6];[80,130];[e];[f];[y];[f];[f];[f];[f];[r];[w];[u]
Bolete;Peppery Bolete;c;[1.5,9];[x,f];[d,t,s,y];[y,n];[f];[f];[f];[f];[2,12];[3,15];[e];[f];[y,n];[f];[f];[f];[f];[n];[d];[u,a]
Bolete;Yellow-cracked Bolete;e;[5,20];[x];[d,k];[y];[t];[f];[f];[f];[4,10];[10,30];[e];[g];[y,r];[f];[f];[f];[f];[n];[d];[u,a]
Bolete;Red-mouth Bolete;p;[6,13];[x,f];[i,k];[e];[t];[f];[f];[f];[3,10];[10,20];[e];[f];[y,e];[f];[f];[f];[f];[n];[d];[u,a]
Bolete;Zeller's Bolete;e;[5,10];[x,f];[d,w];[k,n];[t];[f];[f];[f];[5,8];[5,15];[e];[d,g];[e,y];[f];[f];[f];[f];[n];[d];[a]
Bolete;Rosy Larch Bolete;e;[7.5,25];[x,f];[d,i,y];[e,p,y];[t];[f];[f];[f];[2.5,5];[10,30];[e];[s];[y,r,n];[p];[w,y];[t];[e];[n];[d];[u,a]
Bolete;Chestnut Bolete;e;[3,10];[x,f];[d];[n,o];[f];[f];[f];[f];[3,9];[5,10];[b];[d,s];[n,o];[f];[f];[f];[f];[y];[d];[u,a]
Bolete;Bluing Bolete;e;[4,12];[x,f];[d,i];[b,w];[t];[f];[f];[f];[4,10];[10,25];[s];[d,s];[b];[f];[f];[f];[f];[y];[d];[u]
Bolete;Red Gyroporus;e;[2,9];[x,f,s];[d,k];[p,w];[f];[f];[f];[f];[3,6];[3,10];[e];[g];[e,n];[f];[f];[f];[f];[y];[d];[u]
Bolete;Red-capped Scaber Stalk;e;[5,20];[x,f];[d,t,g,s];[e];[t];[f];[f];[f];[10,18];[20,30];[c];[y];[w,n,k];[f];[f];[f];[f];[n];[d];[u]
Bolete;Aspen Scaber Stalk;e;[4,15];[x];[d,g,i,y,s];[e,o];[t];[f];[f];[f];[8,12];[10,20];[s];[y];[k];[f];[f];[f];[f];[n];[d];[s,u]
Bolete;Common Scaber Stalk;e;[4,10];[x,s];[d,t,s];[n];[f];[f];[f];[f];[7,15];[5,15];[s];[y];[w,k,e,r];[f];[f];[f];[f];[n];[d];[u,a]
Bolete;Powdery Sulfur Bolete;e;[1,10];[x,f];[d];[y,o,e];[t];[f];[f];[f];[4,15];[5,15];[e];[d];[y];[u,p];[y];[t];[e];[r];[d];[u]
Bolete;Old Man of the Woods;e;[4,15];[f];[y];[k,g];[t];[f];[f];[f];[5,12];[15,25];[s];[s,y];[g];[p];[g];[t];[z];[k];[d];[u,a]
Bolete;Chicken-fat Suillus;e;[3,10];[x];[t[;[y];[t];[f];[f];[f];[3,9];[3,10];[e];[f];[y,r];[p];[y];[f];[f];[n];[d];[u,a]
Bolete;Short-stalked Suilus;e;[5,10];[x,f];[t,s];[n,r];[f];[f];[f];[f];[2,5];[10,20];[e];[f];[w,y];[f];[f];[f];[f];[n];[d];[s,a]
Bolete;Blue-staining Suillus;e;[6,14];[x,f];[t,y,i,s];[e,y];[t];[f];[f];[f];[2.5,8];[20,30];[e];[w,s,i];[y,n];[p];[w];[t];[f];[f];[d];[a,w]
Bolete;Hollow-stalked Larch Suillus;e;[3,10];[x,f];[d,i,y];[y,e,n];[f];[f];[f];[f];[3,9];[5,20];[c];[f];[n];[p];[w];[t];[e];[n];[d];[a]
Bolete;Dotted-stalk Suillus;e;[5,15];[x];[s];[b,n];[f];[f];[f];[f];[4,8];[10,25];[e];]f];[w,y];[f];[f];[f];[f];[n];[d];[u,a]
Bolete;Larch Suillus;e;[5,15];[x,f];[t];[y,n];[t];[f];[f];[f];[4,10];[10,30];[e];[y];[y];[p];[y];[t];[c];[n];[d];[a]
Bolete;Western Painted Suillus;e;[7,14];[x,f];[y,d,t,i];[y,n,p];[t];[f];[f];[f];[3,6];[15,20];[e];[d,i,y];[y];[p];[w];[t];[e,z];[n];[d];[u,a]
Bolete;Slippery Jack;c;[5,12];[p,x,f];[t,s];[n];[f];[f];[f];[f];[3,8];[10,25];[e];[f];[n];[p];[w];[t];[s];[n];[d];[a]
Bolete;Painted Suillus;e;[3,12];[x,f];[d,y,i];[e,r,g];[t];[f];[f];[f];[4,12];[10,25];[s];[i];[f];[p];[w];[t];[e];[n];[d];[s,u,a]
Bolete;White Suillus;e;[3.10];[x,f];[t,s,h,d];[w];[f];[f];[f];[f];[4,12];[5,25];[e];[f];[y,p];[f];[f];[f];[f];[n];[d];[u,a]
Bolete;Pungent Suillus;e;[4,14];[x,f];[t,s];[w,r];[f];[f];[f];[f];[3,7];[10,20];[e];[d];[w,y,e,n];[f];[f];[f];[f];[n];[d];[a,w]
Bolete;Slippery Jill;c;[5,10];[x,f];[t,s];[y,n];[f];[f];[f];[f];[3,10];[5,15];[e];[s];[r];[p];[f];[t];[r];[n];[d];[u,a,w]
Bolete;Tomentose Suillus;e;[5,10];[x];[d,t,y];[y];[t];[f];[f];[f];[3,11];[10,30];[c];[f];[y];[f];[f];[f];[f];[n];[d];[a]
Bolete;Black Velvet Bolete;e;[3,15];[x,f];[s];[n,k];[t];[f];[f];[f];[4,10];[20,40];[e];[f];[g,k];[f];[f];[f];[f];[p];[d];[u]
Bolete;Burnt-orange Bolete;e;[5,12];[x,f];[w];[o,e];[t];[f];[f];[f];[2.5,12];[5,25];[e];[f];[w,y];[f];[f];[f];[f];[n];[h];[u]
Bolete;Chrome-footed Bolete;e;[3,15];[x,f];[d,t,s,k];[w,p];[f];[f];[f];[f];[4,15];[10,25];[e];[d];[w,p];[f];[f];[f];[f];[n];[d];[s,u,a]
Bolete;Lilac-brown Bolete;e;[5,12];[p,x,f];[d,t,y];[n];[f];[f];[f];[f];[4.5,9];[10,30];[e];[y];[n,u];[f];[f];[f];[f];[n];[d];[u,a]
Bolete;Bitter Bolete;r;[5,30];[p,x,f];[s];[n];[f];[f];[f];[f];[4,10];[10,30];[c,b];[d];[n];[f];[f];[f];[f];[p];[d,w];[u,a]
Bolete;Graceful Bolete;u;[3,10];[x];[d,g];[n];[f];[f];[f];[f];[5,15];[10,20];[s];[g];[n];[f];[f];[f];[f];[f];[d];[u,a]
Bolete;Violet-gray Bolete;r;[4,15];[x,f];[d];[p,n];[f];[f];[f];[f];[8,12];[10,15];[e];[s];[p];[f];[f];[f];[f];[n];[d];[u]
Bolete;Dark Bolete;u;[5,15];[x,f];[d,i];[n];[t];[f];[f];[f];[4,12];[10,30];[c];[d];[n];[f];[f];[f];[f];[n];[d];[a]
Coprinaceae;Alcohol Inky;c;[5,7.5];[b,x];[d,s,k,y];[g,n];[f];[e];[c];[w,g,k];[7.5,15];[10,20];[e];[d,k,i];[w];[p];[w];[t];[e];[k];[g,w];[s,u]
Coprinaceae;Shaggy Mane;e;[3,5];[p];[d,y];[w,n];[f];[e];[c];[k];[6,20];[10,20];[b];[i];[w];[p];[f];[t];[f];[k];[g,w];[s,a]
Coprinaceae;Non-inky Coprinus;e;[0.5,1.5];[b,x];[w];[y,n,g];[f];[x];[d];[w,k];[2,3];[0.5,1];[e];[s];[w];[f];[f];[f];[f];[k];[u,g,w];[s,u,a]
Coprinaceae;Woolly-stalked Coprinus;u;[1,5];[c];[d,i];[g];[f];[e];[c];[g,k];[5,20];[1.5,5];[e];[y];[w];[u,p];[f];[f];[f];[k];[w];[u]
Coprinaceae;Mica Cap;e;[2.5,5];[b,x];[g];[g];[f];[x];[c];[g,k];[2.5,7.5];[3,5];[e];[s,k,i];[w];[u];[f];[f];[f];[k];[w];[s,u,a]
Coprinaceae;Japanese Umbrella Inky;e;[1,2.5];[c,f];[g];[n,g];[f];[e];[d];[k];[5,7.5];[1,3];[b];[d];[w];[f];[f];[f];[f];[k];[g,u];[s,u]
Coprinaceae;Scaly Inky Cap;c;[2.5,7.5];[b];[w];[g,n];[f];[e];[c];[w,n];[5,12.5];[5,10];[e];[y];[w];[u,p];[w];[t];[e];[k];[w];[u]
Coprinaceae;Orange-mat Coprinus;u;[2,3];[c,b];[g,w];[n,g];[f];[x,e];[c];[w,n,k];[2.5,7.5];[1.5,5];[e];[s];[w];[u];[n];[f];[f];[k];[d,u];[s,u,a]
Coprinaceae;Bell-cap Panaeolus;u;[2,5];[b];[s,d];[n,y];[f];[s];[d];[g,k];[6,14];[1.5,5];[e];[k];[n];[p];[f];[f];[f];[k];[w];[u]
Coprinaceae;Semi-ovate Panaeolus;u;[3,9];[c];[s,y,h];[w];[f];[s];[d];[w,n,k];[8,15];[5,15];[s];[f];[w,y];[p];[f];[t];[e];[k];[w];[u]
Coprinaceae;Girdled Panaeolus;c;[3,5];[c];[s];[n];[t];[x];[c];[n,k];[4,10];[3,5];[e];[i];[n];[f];[f];[f];[f];[k];[w];[u]
Coprinaceae;Common Psathyrella;e;[2.5,10];[c,x,f];[s];[n,w];[f];[x];[c];[w,g,p];[5,10];[3,10];[e];[k,i];[w];[p];[w];[t];[e];[n];[g,w];[u]
Coprinaceae;Red-gilled Psathyrella;u;[2.5,5];[x,f];[s,w];[n];[f];[x];[c];[n,e];[2.5,5];[3,5];[e];[s];[w];[f];[f];[f];[f];[e];[d];[u,a]
Coprinaceae;Parasitic Psathyrella;u;[2.5,5];[x,f];[d,k,i];[w];[f];[x];[c];[w,n];[2.5,7.5];[5,15];[e];[k];[w];[p];[w];[t];[e];[k];[w];[u]
Coprinaceae;Lawn Mower's Mushroom;e;[1,3];[c,x,f];[s];[n];[f];[x];[d];[n];[4,8];[1.5,3];[e];[s];[f];[f];[f];[f];[f];[n];[g];[s,u]
Coprinaceae;Clustered Psathyrella;u;[2.5,5];[c,x,f];[s];[n];[f];[x];[c];[y,n];[2.5,15];[1.5,10];[e];[i];[w];[p];[w];[f];[f];[n];[w];[u]
Coprinaceae;Ringed Psathyrella;u;[2.5,10];[c,x];[s,w,i];[n,y];[f];[x];[c];[y,n];[5,10];[5,10];[e];[i,y];[w];[u,p];[w];[t];[f];[n];[d];[a]
Coprinaceae;Corrugated-cap Psathyrella;e;[5,10];[x,f];[w];[n,o];[f];[x];[c];[w,n,k];[7.5,12.5];[5,10];[e];[s];[w,n];[p];[f];[t];[z];[n];[d];[u]
Coprinaceae;Velvety Psathyrella;e;[5,10];[p,x,f];[y];[r,o];[f];[x];[c];[y,n];[5,10];[3,15];[e];[i,y];[o];[p];[w,y];[f];[f];[f];[g,u];[u]
Cortinariaceae;Brown Alder Mushroom;u;[1,2.5];[x,f];[i];[n];[f];[x];[d];[y,n];[2.5,4];[1,1.5];[e];[i];[y,n];[f];[f];[f];[f];[n];[m];[u,a]
Cortinariaceae;Silvery-violet Cort;e;[3,6];[b,x];[d,h];[p];[f];[x];[c];[p,n];[4,8];[5,10];[b];[f];[p];[u,p];[w];[f];[f];[n];[d];[u,a]
Cortinariaceae;Bracelet Cort;e;[5,12.5];[b,x,f];[i,s];[n];[f];[x];[d];[n];[7.5,15];[10,20];[c,b];[i];[n];[u,p];[e,w];[t];[z];[n];[d];[u,a]
Cortinariaceae;Cinnabar Cort;u;[3,6];[b,f];[d,k,h];[n,e];[f];[x];[d];[n,e];[3,7];[3,10];[e];[i,h];[e];[p];[e];[f];[f];[n];[d];[u,a]
Cortinariaceae;Slimy-banded Cort;u;[3,10];[b,x,f];[t,s];[n];[f];[x];[c];[w,g,n];[5,15];[5,15];[e];[t];[w];[u,p];[w,u];[f];[f];[n];[d];[u,a]
Cortinariaceae;Saffron-colored Cort;u;[2.5,5];[x,f];[d,i];[n];[f];[x];[c];[p,o,n];[2.5,5];[5,15];[s];[i];[p];[p];[p];[f];[f];[n];[d];[a]
Cortinariaceae;Deadly Cort;p;[2.5,5];[c];[s];[n];[f];[x];[d];[n];[2.5,7.5];[3,5];[e];[f];[n];[u,p];[y];[t];[z];[n];[d];[u,a]
Cortinariaceae;Bulbous Cort;r;[5,12.5];[x,f];[t];[g,n];[f];[x];[c];[p,n];[5,10];[15,25];[b];[f];[p];[p];[f];[t];[z];[n];[d];[u,a]
Cortinariaceae;Viscid Violet Cort;e;[2.5,5];[b,x];[t,s];[p,y];[f];[x];[c];[p];[5,7.5];[5,10];[s];[t];[p];[p];[p];[f];[f];[n];[d];[u]
Cortinariaceae;Variable Cort;u;[5,10];[x,f];[t];[b,g,o];[f];[x];[c];[w,n];[4,9];[10,20];[b];[f];[w];[p];[w];[f];[f];[n];[d];[u,a]
Cortinariaceae;Blood-red Cort;u;[2.5,5];[b];[d,k];[e];[f];[x];[c];[e];[5,10];[3,5];[e];[f];[e];[p];[e];[f];[f];[n];[d];[u,a]
Cortinariaceae;Red-gilled Cort;u;[2.5,6];[b,x,f];[k,i,h];[y];[f];[x];[c];[e];[3,6];[3,5];[e];[i];[y];[p];[y];[f];[f];[n];[d];[u,a]
Cortinariaceae;Pungent Cort;u;[5,12.5];[x,f];[d,i];[p];[f];[x];[d];[n];[5,12.5];[10,50];[s];[i];[p];[p];[p];[f];[f];[n];[d];[a]
Cortinariaceae;Violet Cort;e;[5,12];[x,f];[i,d,h];[p];[f];[x];[d];[p];[7,18];[10,25];[s];[i];[p];[p];[f];[t];[c];[n];[d];[a]
Cortinariaceae;Deadly Galerina;p;[2.5,6.5];[x,f];[t,s];[n,o,y,b];[f];[x];[c];[y,n];[2.5,10];[3,10];[s];[f];[n,k];[p];[w];[t];[e];[n];[w];[a,s]
Cortinariaceae;Sphagnum-bog Galerina;u;[1,3.5];[c];[g,s];[o,r,b];[f];[x];[c,d];[o,r];[5,20];[1.5,3];[e];[f];[o,b];[f];[f];[f];[f];[f];[h];[s,u,a]
Cortinariaceae;Deadly Lawn Galerina;p;[1,3.5];[x,f,s];[s];[n,b];[f];[x];[d];[n];[3,4];[3,5];[s];[s,k];[n];[p];[f];[t];[e];[n];[g,u];[a]
Cortinariaceae;Little Gym;u;[2.5,5];[b,x,f];[s];[y];[f];[x];[c];[y];[4,6];[3,5];[s];[i];[y];[p];[w];[f];[f];[n];[d];[u,a]
Cortinariaceae;Big Laughing Gym;c;[8,18];[x,f];[s,i,y];[y,o];[f];[x];[c];[y,n];[5,20];[10,30];[e];[s,i];[y,r];[p];[y];[t];[e,z];[o];[d];[u,a]
Cortinariaceae;Poison Pie;p;[3,9];[x,f];[s,t];[w];[f];[x];[c];[w,n];[4,7];[5,10];[e];[s];[w];[f];[f];[f];[f];[n];[u,d];[a]
Cortinariaceae;Corpse Finder;u;[2.5,5];[x,f];[t,s];[e,n];[f];[x,s];[c];[n];[4,6];[3,5];[e];[y,s];[w];[f];[f];[f];[f];[n];[d];[a]
Cortinariaceae;White-disc Fiber Head;p;[1.5,3.5];[x,f];[s,i];[n];[f];[x];[c];[w];[2.5,5];[3,5];[b];[s];[g];[f];[f];[f];[f];[n];[d];[u,a]
Cortinariaceae;Caesar's Fiber Head;p;[2.5,5];[x,f];[d,i,y];[r,b,o];[f];[x];[c];[y,r];[1.5,4];[1.5,5];[e];[i,y];[r,o];[p];[f];[f];[f];[n];[g,p];[u,a]
Cortinariaceae;Green-foot Fiber Head;p;[1,4];[b,x];[d,y];[n];[f];[x];[c];[n];[4,8];[1.5,5];[e];[y];[n];[f];[f];[f];[f];[n];[d];[u,a]
Cortinariaceae;Staw-colored Fiber Head;p;[2.5,7.5];[c,b,f];[d,i];[y];[f];[x,e];[c];[w,g,n];[4,8];[3,10];[e];[i];[w,y];[f];[f];[f];[f];[n];[d];[u,a]
Cortinariaceae;Black-nipple Fiber Head;p;[1,2.5];[c,b,f];[s,i];[n,k];[f];[x];[c];[w,n];[5,7.5];[1.5,3];[e];[i];[w,g];[f];[f];[f];[f];[n];[d];[u,a]
Cortinariaceae;White Fiber Head;p;[1.5,3];[c,f];[d,k];[w];[f];[x];[c];[w,n];[2.5,5];[1.5,3];[e];[k];[w];[p];[f];[f];[f];[n];[d];[u,a]
Cortinariaceae;Torn Fiber Head;p;[1,4];[x,f];[d,i,y];[n];[f];[x];[c];[w,n];[3,4];[3,5];[e];[s,i];[w,n];[p];[f];[f];[f];[n];[m];[s,u,a]
Cortinariaceae;Woolly Fiber Head;p;[2,3];[b,f];[d,y];[n,o];[f];[x];[c];[w,n];[2.5,5];[3];[e];[i];[n];[p];[w];[f];[f];[n];[w,d];[u,a]
Cortinariaceae;Lilac Fiber Head;p;[1,3];[c,b,x,f];[d,k];[p,n];[f];[x];[c];[w,n];[2.5,5];[1.5,3];[b];[k];[p,n];[p];[f];[f];[f];[n];[d];[u,a]
Cortinariaceae;Blushing Fiber Head;p;[2.5,7.5];[c,b,f];[d,i,s];[w];[t];[x];[c];[w,n];[5,7.5];[5,10];[e];[i,s];[w];[p];[w];[f];[f];[n];[d];[u,a]
Cortinariaceae;Pungent Fiber Head;p;[2.5,7.5];[c,b,f];[d,i];[y];[f];[x];[c];[w,y];[2.5,10];[1.5,5];[b];[i,k];[w];[f];[f];[f];[f];[n];[d];[u,a]
Cortinariaceae;Scaly Fiber Head;p;[3,7];[x,f];[d,y];[n];[f];[x];[c];[y,n];[4,6];[3,10];[e];[y];[n];[p];[y];[t];[y];[n];[d];[u]
Cortinariaceae;Pretty Phaeocollybia;u;[1,5];[c,f];[t,s];[r,b];[f];[e,x];[c];[p,g,n];[7.5,12.5];[3,10];[r];[f];[g,o,n];[f];[f];[f];[f];[n];[d];[a]
Cortinariaceae;Kit's Phaeocollybia;u;[2,6];[c,f];[t,s];[n];[f];[x];[c];[n];[7.5,18];[3,5];[c,r];[s,h];[g,e];[f];[f];[f];[f];[n];[d];[a]
Cortinariaceae;Gypsy;e;[5,15];[p,x];[w,k,y];[o];[f];[x];[c];[w,o];[5,12];[10,20];[e];[s];[w];[u,p];[f];[t];[f];[n];[d];[a]
Crepidotus;Flat Crep;u;[1,4];[o];[s,i];[w,n];[f];[d];[c];[w,n];[0];[0];[f];[f];[f];[f];[f];[f];[f];[n];[w];[u]
Crepidotus;Jelly Crep;u;[1,8];[o,p];[i,y,s];[n,r];[f];[d];[c];[w,n];[0];[0];[f];[f];[f];[f];[f];[f];[f];[n];[w];[u,a]
Crepidotus;American Simocybe;u;[1,3.5];[x,f];[k,s];[r];[f];[x];[c];[g,n];[1,4.5];[1.5,5];[e];[s];[w,r];[f];[f];[f];[f];[r,n];[w];[u,a]
Crepidotus;Ringed Tubaria;u;[1,5];[x,f];[i];[n,b];[f];[x,d];[c];[w,n];[2.5,10];[1.5,5];[s];[l];[w,n];[p];[w];[t];[r];[n];[w];[u,a]
Crepidotus;Fringed Tubaria;u;[1,3];[x,f];[i];[w,b,n];[f];[x,d];[c];[y,o];[2.5,5];[1,1.5];[s];[i,k];[n,w];[p];[w];[f];[f];[r,n];[p,w];[s,u,a]
Entolomataceae;Sweetbread Mushroom;e;[5,10];[x,f];[d,k];[g];[f];[d];[c];[w,p];[4,8];[3,15];[e];[s];[w];[f];[f];[f];[f];[p];[d];[u]
Entolomataceae;Aborted Entoloma;c;[5,10];[x,f];[i,y];[g,n];[f];[x,d];[c];[g,p];[2.5,10];[5,15];[s];[l];[w,g];[f];[f];[f];[f];[n,p];[w];[u,a]
Entolomataceae;Midnight-blue Entoloma;r;[5,12.5];[c,x];[t,i];[g,n];[f];[x];[c];[g,p,u];[5,10];[5,15];[c];[s,i];[l,w,y];[f];[f];[f];[f];[p,n];[d];[a]
Entolomataceae;Yellow Unicorn Entoloma;u;[1,3];[b,c];[k,h];[y,p];[f];[x];[d];[y,p];[5,10];[1.5,5];[e];[d];[y];[f];[f];[f];[f];[p];[m];[u,a]
Entolomataceae;Salmon Unicorn Entoloma;u;[1,4];[b,c];[s];[p];[f];[x];[d];[p];[5,10];[1.5,3];[e];[s];[p];[f];[f];[f];[f];[p];[w,d];[u,a]
Entolomataceae;Blue-toothed Entoloma;u;[1,4];[x,s];[k,g];[k,g];[f];[x,d];[c];[w,g,p,k];[4,8];[1.5,3];[e];[s];[k,w];[f];[f];[f];[f];[p];[w];[u]
Entolomataceae;Lead Poisoner;p;[7,15];[x,f];[s];[n,g];[f];[x];[c,d];[g,y,p];[4,12];[10,25];[e];[i];[g];[f];[f];[f];[f];[p];[d];[u]
Entolomataceae;Straight-stalked Entoloma;p;[2.5,5];[c,x,f];[s];[n];[f];[x,e];[c];[w,p];[5,10];[1.5,5];[e];[k];[w,g];[f];[f];[f];[f];[p];[d,w];[s,u]
Entolomataceae;Early Spring Entoloma;p;[2.5,5];[c,b,x];[h,s,w];[n];[f];[x];[d];[b,n];[2.5,10];[3,10];[e];[i];[n];[f];[f];[f];[f];[p];[d,p];[s]
Entolomataceae;Violet Entoloma;u;[2.5,5];[x,f];[d,i,y];[n,p];[f];[x];[c];[w,b,n];[5,10];[5,10];[s];[i,y];[g];[f];[f];[f];[f];[n];[w,d];[s,u,a]
Entolomataceae;Hairy-stalked Entoloma;u;[1,5];[b,c,f];[d,i,y];[n];[f];[x,e];[d];[n];[5,10];[1.5,5];[e];[d];[g,n];[f];[f];[f];[f];[n];[w,d];[u,a]
Entolomataceae;Cracked-cap Rhodocybe;u;[2.5,5];[x,f,s];[d,s];[w];[f];[d];[c];[w,g,p];[2.5,5];[1.5,5];[e];[s];[w];[f];[f];[f];[f];[p];[d];[u,a]
Gomphidiaceae;Brownish Chroogomphus;e;[2.5,12.5];[x,o];[t];[n];[f];[d];[d];[b,n];[5,18];[5,20];[c];[d];[b,p];[p];[f];[t];[e,z];[g,k];[d];[u,a]
Gomphidiaceae;Woolly Chroogomphus;e;[2.5,7.5];[o,x,f];[d];[o];[f];[d];[d];[o,g];[5,18];[10,15];[c];[d];[o];[p];[f];[f];[f];[g,k];[d];[u,a]
Gomphidiaceae;Wine-cap Chroogomphus;e;[2.5,7.5];[o,x];[y,d];[r,e];[f];[d];[d];[r];[5,10];[5,20];[c];[d];[b,e];[p];[f];[t];[e,z];[g,k];[d];[u,a]
Gomphidiaceae;Slimy Gomphidius;e;[2.5,10];[o,x,f];[t,s];[n,g];[f];[d];[c];[w];[5,10];[5,20];[c];[s];[w,y];[p];[f];[t];[c];[g,k];[d];[u,a]
Gomphidiaceae;Clustered Gomphidius;e;[2.5,15];[o,x,f];[t,s];[o,n];[f];[d];[d];[w,g];[5,12.5];[10,50];[c];[s];[w,y];[p];[f];[t];[c];[g,k];[d];[u,a]
Gomphidiaceae;Rosy Gomphidius;e;[4,6];[o,x,f,s];[t,s];[p,e];[f];[d];[c,d];[w];[3.5,7.5];[5,15];[c];[s];[w];[p];[f];[t];[c];[k];[d];[u,a]
Hygrophoraceae;Gray Almond Waxy Cap;e;[2.5,10];[x,f,s];[t,s];[g];[f];[x,d];[c,d];[w,g];[5,10];[5,20];[e];[d,s];[w,g];[f];[f];[f];[f];[w];[d];[u,a,w]
Hygrophoraceae;Tawny Almond Waxy Cap;e;[5,15];[o,f];[t,i];[n,r,b];[f];[d];[c,d];[w];[5,15];[10,25];[e];[d];[b];[f];[f];[f];[f];[w];[d];[a]
Hygrophoraceae;Dusky Waxy Cap;e;[5,12.5];[o,x,f];[t,d,s,i];[g];[f];[d];[c,d];[w,g];[2.5,15];[10,20];[e];[d,k,s];[g];[f];[f];[f];[f];[w];[d];[u,a]
Hygrophoraceae;Chanterelle Waxy Cap;e;[1,3.5];[x,f,s];[d,k];[e,r,o];[f];[d];[d];[y];[2.5,10];[1.5,5];[e];[d,s];[w];[f];[f];[f];[f];[w];[w];[u,a]
Hygrophoraceae;Golden-spotted Waxy Cap;e;[2.5,7.5];[x,o];[t,h];[w];[f];[d];[d];[w,y];[2.5,7.5];[5,15];[e];[g];[w];[f];[f];[f];[f];[w];[d];[u]
Hygrophoraceae;Scarlet Waxy Cap;e;[2.5,5];[c,o];[s];[e];[f];[x];[c,d];[e,o];[2.5,7.5];[3,10];[e];[s];[e,y];[f];[f];[f];[f];[w];[d];[u,a]
Hygrophoraceae;Witch's Hat;p;[2,9];[c];[s,i];[e,o];[t];[e];[c];[w,y];[2,20];[5,15];[e];[g];[y,w];[f];[f];[f];[f];[w];[d];[u]
Hygrophoraceae;White Waxy Cap;e;[2.5,10];[x,f,s];[t,s,k];[w,p];[f];[d];[d];[w];[5,15];[1.5,15];[c];[t];[w];[f];[f];[f];[f];[w];[d,g];[u,a,w]
Hygrophoraceae;Golden Waxy Cap;e;[2.5,7.5];[x,f,s];[t,d,h];[o,y];[f];[x];[c,d];[y];[5,7.5];[5,15];[e];[s];[y,o,w];[f];[f];[f];[f];[w];[d,m];[u,a]
Hygrophoraceae;Yellow-centered Waxy Cap;e;[2.5,7.5];[x,f];[i,t,s];[w,e,y];[f];[d];[d];[p,w];[2.5,7.5];[5,15];[e];[t,i];[w];[u];[w];[t];[s];[w];[d];[a]
Hygrophoraceae;Late Fall Waxy Cap;e;[2.5,7.5];[o,x,f,s];[t,s,i];[n,y,r];[f];[d];[d];[w,y];[2.5,15];[3,15];[c];[t];[n,y];[p];[f];[t];[z];[w];[d];[u,a]
Hygrophoraceae;Inocybelike Waxy Cap;c;[2.5,7.5];[c,f,s];[i,y];[g,n];[f];[d];[d];[w,b];[2.5,7.5];[5,15];[e];[s,i];[w];[p];[f];[t];[z];[w];[d];[u,a]
Hygrophoraceae;Orange-gilled Waxy Cap;e;[1,5];[c,x,b,f];[s];[o,y];[f];[x];[d];[o];[5,10];[3,5];[e];[s];[b,y];[f];[f];[f];[f];[w];[d];[u,a]
Hygrophoraceae;Fading Scarlet Waxy Cap;e;[2,4];[x,f,s];[s,i];[e,o,y];[f];[x,d];[c,d];[e,o,y];[2.5,5];[3];[e];[s];[e];[f];[f];[f];[f];[w];[w,d];[u,a]
Hygrophoraceae;Slimy-sheathed Waxy Cap;c;[2.5,12.5];[x,o,f];[t,i];[g];[f];[x,d];[c,d];[w];[7.5,15];[10,30];[e];[t];[w,k];[u,p];[k];[t];[s];[w];[d];[u,a]
Hygrophoraceae;Salmon Waxy Cap;c;[2.5,7.5];[o,x,f];[d,s,i];[o,b,n];[f];[d];[d];[b,n];[2.5,7.5];[5,20];[c];[d,s];[w,o];[f];[f];[f];[f];[w];[g,d];[s,u,a]
Hygrophoraceae;Parrot Mushroom;e;[1,3];[c,b,f];[t,h];[r,b,n,p];[f];[x,d];[d];[r,e,y];[2.5,7.5];[1.5,5];[e];[t];[y,o,p];[f];[f];[f];[f];[w];[d,p];[u]
Hygrophoraceae;Turpentine Waxy Cap;e;[5,10];[x,f];[t,s];[b];[f];[d];[d];[w,p];[5,10];[10,20];[c];[d];[w,b,p];[f];[f];[f];[f];[w];[d,m];[u,a]
Hygrophoraceae;Russulalike Waxy Cap;e;[5,12.5];[x,f];[t,d,s,i];[p,e];[f];[x,d];[c];[p,e];[2.5,7.5];[15,35];[c];[d,s];[w,p];[f];[f];[f];[f];[w];[d];[a]
Hygrophoraceae;Larch Waxy Cap;e;[2.5,5];[x,o];[t];[o,e,y];[f];[x,d];[d];[w,y];[5,10];[3,10];[e];[s];[o];[u];[f];[f];[f];[w];[d,m];[u,a]
Paxillaceae;False Chanterelle;c;[2.5,6];[x,f,s];[d];[o,n];[f];[d];[c];[o];[2.5,10];[5,15];[s];[d];[n,y];[f];[f];[f];[f];[w];[w];[u,a]
Paxillaceae;Fragrany Hygrophoropsis;u;[1,3.5];[x,f,s];[d,s];[p,b];[f];[d];[c];[p,w];[1,3];[1.5,5];[c];[s];[p];[f];[f];[f];[f];[w];[d];[u,a]
Paxillaceae;Velvet-footed Pax;e;[4,12];[x,f,s];[d];[n];[f];[x,d];[c];[y];[2.5,10];[10,30];[e];[k];[n];[f];[f];[f];[f];[y];[w];[u,a]
Paxillaceae;Poison Paxiullus;p;[4,12];[x,f,s];[d,t];[n];[t];[d];[c];[r];[4,10];[15,20];[e];[d];[n];[f];[f];[f];[f];[n];[d];[u,a]
Paxillaceae;Stalkless Paxillus;u;[2.5,10];[o];[d,s];[y,n];[f];[a];[c];[y];[0];[0];[f];[f];[f];[f];[f];[f];[f];[y];[w];[s,u,a]
Paxillaceae;Gilled Bolete;e;[2.5,7.5];[x,o,s];[d];[y,n];[t];[d];[d];[y];[4,8];[5,10];[c];[s];[e,y];[f];[f];[f];[f];[y,r];[d];[u,a]
Pluteaceae;Yellow Pluteus;e;[1,3];[x,f,o];[s,w];[y,r];[f];[e];[c];[y,p];[3,6];[1,3];[e];[s];[y];[f];[f];[f];[f];[p];[w];[u]
Pluteaceae;Black-edged Pluteus;e;[3,10];[x,f];[i];[n];[f];[e];[c];[w,p];[5,10];[5,15];[e];[i];[w];[f];[f];[f];[f];[p];[w];[u,a]
Pluteaceae;Golden Granular Pluteus;e;[2.5,5.5];[x,f];[g];[e,o,y];[f];[e];[c];[w,p];[3,6];[3,10];[e];[i];[w,y,e];[f];[f];[f];[f];[p];[w];[u,a]
Pluteaceae;Fawn Mushroom;e;[3,12];[x,f];[s,i,t];[n];[f];[e];[c];[w,p];[5,10];[5,10];[e];[s,i];[w,n,k];[f];[f];[f];[f];[p];[w];[s,u,a]
Pluteaceae;Pleated Pluteus;e;[2.5,5];x,f,s];[g];[g];[f];[e];[c];[w,p];[2,8];[1.5,3];[e];[i];[f];[f];[f];[f];[f];[p];[w];[u]
Pluteaceae;Tree Volvariella;e;[5,20];[o,b,x];[d,i,k];[y];[f];[e];[c];[w,p];[6,20];[10,20];[s];[d];[f];[u];[f];[f];[f];[p];[d];[u,a]
Pluteaceae;Tiny Volvariella;u;[0.5,3];[x];[d,i];[w];[f];[e];[d];[w,p];[1,5];[1,3];[e];[s];[w,g];[u];[f];[f];[f];[p];[g,u];[u]
Pluteaceae;Smooth Volvariella;c;[5,15];[x,f];[t,s,h];[w,g];[f];[e];[c];[w,p];[9,20];[10,20];[e];[s,d];[w];[u];[f];[f];[f];[p];[w,d,u,p];[u]
Pluteaceae;Parasitic Volvariella;u;[2.5,8];[x];[k,i];[w];[f];[e];[c];[w,p];[4,9];[3,15];[e];[i];[w];[u];[f];[f];[f];[p];[w];[a]
Russulaceae;Burnt-sugar Milky;u;[3,15];[x,f,s];[l];[n];[f];[x,d];[c];[w,n];[4,8];[10,20];[e];[s];[w,n];[f];[f];[f];[f];[b];[d];[u,a]
Russulaceae;Aromatic Milky;u;[1.5,5];[c,x,s,f];[s,d];[n];[f];[x,d];[c];[n,e];[1.5,6];[3,15];[e];[d];[n];[f];[f];[f];[f];[y];[d];[u,a]
Russulaceae;Willow Milky;u;[4,23];[x,s,o];[i,t];[w];[f];[x];[c];[p,y];[2.5,8];[15,50];[e];[t];[w];[f];[f];[f];[f];[w,n];[d];[u,a]
Russulaceae;Corrugated-cap Milky;e;[5,20];[x,s];[w,k,d];[n];[f];[x];[c];[r,b];[5,11];[15,30];[e];[d,k];[n];[f];[f];[f];[f];[w];[d];[u]
Russulaceae;Deceptive Milky;e;[5,25];[x,s,o];[d,s,y];[w,n,y];[t];[x];[c,d];[w,r];[4,9];[10,35];[c];[y,k,d];[w];[f];[f];[f];[f];[b];[d];[u]
Russulaceae;Orange-latex Milky;e;[5,14];[x,s,o];[s];[w,r];[t];[x];[c];[r];[3,7];[10,25];[e];[w];[o,w];[f];[f];[f];[f];[w];[d];[u,a]
Russulaceae;Gerard's Milky;e;[3.5,12];[x,f,s];[d,k];[n];[f];[x];[d];[w];[3.5,8];[10,20];[e];[k,d];[n];[f];[f];[f];[f];[w];[d];[u]
Russulaceae;Hygrophorus Milky;e;[3,10];[x,f,s,o];[s,k,w];[n];[f];[x];[d];[w];[3,5];[5,15];[e];[d];[n];[f];[f];[f];[f];[w];[d];[u]
Russulaceae;Indigo Milky;e;[5,15];[x,s];[t];[l];[f];[x];[c];[l];[2,8];[10,25];[c];[d];[l];[f];[f];[f];[f];[w];[d];[u,a]
Russulaceae;Chocolate Milky;u;[2,10];[x,o,f,s];[d,k,w];[k,n];[f];[x];[c,d];[w,r];[5,12];[3,20];[e];[g,k];[k,w];[f];[f];[f];[f];[r];[d,m];[u,a]
Russulaceae;Buff Fishy Milky;e;[2.5,8];[x,f,s];[k,d];[w,b];[t];[x];[c];[w];[2.5,6];[5,15];[e];[d,k];[w,b];[f];[f];[f];[f];[w];[d];[u,a]
Russulaceae;Slimy Lactarius;u;[3,9];[x,s];[s,t];[n,b];[f];[x];[c];[r,g];[4,8];[5,10];[e];[t,s];[w];[f];[f];[f];[f];[w];[d];[u,a]
Russulaceae;Silver-blue Milky;e;[5,8];[x,s,o];[s,t];[l,r];[t];[x];[c];[n];[2.5,3];[10,15];[c,r];[d];[l];[f];[f];[f];[f];[b,y];[d];[u,a,w]
Russulaceae;Peck's Milky;r;[5,15];[x,s,o];[d,h];[e];[f];[x,d];[c];[b,n];[2,6];[10,25];[c];[s];[n,w];[f];[f];[f];[f];[w];[d];[u]
Russulaceae;Peppery Milky;c;[5,15];[x,s,o];[d,s,w];[w];[t];[x];[c];[w];[2,8];[10,25];[e];[d];[w];[f];[f];[f];[f];[w];[d];[u]
Russulaceae;Northern Bearded Milky;p;[6,20];[x,f,s,p];[t];[y];[t];[x];[c];[w,r,o];[5,12];[10,45];[c];[t];[o];[f];[f];[f];[f];[y];[d];[u]
Russulaceae;Red-hot Milky;p;[4,12];[x,f,s,o];[d];[e];[f];[x,d];[c];[w,b];[5,10];[10,15];[e];[d];[u,w];[f];[f];[f];[f];[y];[d,m];[u,a]
Russulaceae;Spotted-stalked Milky;p;[7.5,25];[o];[s,t,h,y];[o];[t];[x,d];[c];[w,y];[3,6];[15,35];[c,r];[w];[o,r];[f];[f];[f];[f];[y];[d];[u,a]
Russulaceae;Dirty Milky;u;[5,10];[x,s,o];[s];[y];[f];[x];[c];[w,y];[4,7];[10,25];[e];[w];[n];[f];[f];[f];[f];[w];[d];[u,a]
Russulaceae;Variegated Milky;e;[3,10];[x,f,s];[s];[e];[f];[x];[d];[e];[3,8];[5,15];[e];[s,t];[e];[f];[f];[f];[f];[w];[d];[u,a]
Russulaceae;Pink-fringed Milky;p;[5,12];[x,s,o];[s];[p,w];[f];[x];[c];[w];[3,7];[5,20];[e];[s,d];[p];[f];[f];[f];[f];[w];[d];[u,a]
Russulaceae;Common Violet-latex Milky;p;[3,10];[x,f,s];[s,t,d];[u];[t];[x];[c];[w];[3,7];[10,15];[e];[t,h];[r];[f];[f];[f];[f];[y];[d];[u,a]
Russulaceae;Yellow-latex Milky;p;[4,12];[x];[s,t];[b,n];[f];[x];[c];[b];[4,7];[10,25];[e];[s];[b];[f];[f];[f];[f];[w,y];[d];[u,a]
Russulaceae;Voluminous-latex Milky;e;[5,13];[x,f,s,o];[d,k];[n];[f];[x];[c];[w];[5,10];[10,20];[c];[s,k];[n];[f];[f];[f];[f];[w];[d];[u]
Russulaceae;Tacky Green Russula;e;[5,8.5];[o,x,f,s];[t,d,k,s];[r,y];[f];[x,d];[c];[w];[4,6];[10,20];[c];[d,s];[w];[f];[f];[f];[f];[y];[d];[u]
Russulaceae;Short-stalked White Russula;c;[10,20];[x,s];[d];[w];[f];[x,d];[c];[w];[2.5,7.5];[25,40];[e];[d,s];[w];[f];[f];[f];[f];[w];[d];[u,a]
Russulaceae;Graying Yellow Russula;e;[5,10];[x,f,s];[t,s];[y,g];[f];[x];[c];[w,y,g];[5,7.5];[15,20];[e];[s];[w,y,g];[f];[f];[f];[f];[y];[d];[u]
Russulaceae;Firm Russula;e;[3.5,18];[o,x,f,s];[t,h,s];[y];[f];[x];[c,d];[w,y];[2.5,12.5];[10,45];[s,c];[d,s,w];[w];[f];[f];[f];[f];[w];[d];[u]
Russulaceae;Green Quilt Russula;e;[5,15];[o,x,f,s];[t,d[;[r,y];[f];[x];[c,d];[w,y];[3.5,8.5];[15,45];[e];[d,s,w];[w];[f];[f];[f];[f];[y];[d];[u]
Russulaceae;Red-and-black Russula;u;[6.5,18];[f,s];[t,d];[n];[t];[x,d];[c,d];[b];[[4,8];[20,45];[e];[s];[w,n,k];[f];[f];[f];[f];[w];[d];[u]
Russulaceae;Emetic Russula;p;[2.5,7.5];[o,x,f,s];[t,s];[o,p];[f];[x];[c];[w];[5,10];[5,25];[s];[d,w];[w];[f];[f];[f];[f];[w];[w,d];[u]
Russulaceae;Fragile Russula;u;[2.5,7.5];[o,x,f];[t,s,k];[e,r,u,p];[f];[x,e];[c,d];[w];[2.5,7.5];[5,15];[e];[s,w];[w];[f];[f];[f];[f];[w];[d,w];[u]
Russulaceae;Blackish-red Russula;u;[6,12];[x,f,s,o];[t,h,w,s,k,d];[u,e];[t];[x];[c,d];[w,y];[5,10];[15,45];[s];[d,s,k,w];[w];[f];[f];[f];[f];[w];[d];[s,u,a]
Russulaceae;Almond-scented Russula;u;[2.5,12.5];[o,x,f,s];[h,t,d,s,w];[y,n,o];[f];[x];[c,d];[w,o];[2.5,10];[10,30];[c];[d,s];[w,y];[f];[f];[f];[f];[y];[d];[u]
Russulaceae;Purple-bloom Russula;e;[2.5,5];[o,x,f,s];[d,k];[u];[f];[x];[c,d];[w,y];[2.5,7.5];[10,25];[c];[s];[w];[f];[f];[f];[f];[w,y];[d,g];[u,a]
Russulaceae;Rosy Russula;r;[2.5,10];[x,f,s];[t,s];[e,p];[f];[x,d];[c];[w,y];[5,10];[10,15];[c];[s,d];[w,e];[f];[f];[f];[f];[y];[d];[a]
Russulaceae;Variable Russula;e;[5,15];[o,x,f,s];[t,d,s,w];[r,y,u,p];[t];[x,s,d];[c];[u,p];[2.5,10];[10,30];[e];[d,k,s,w];[w];[f];[f];[f];[f];[w];[d];[u,a]
Russulaceae;Shellfish-scented Russula;e;[2.5,15];[x,f,s];[t,d];[e];[t];[x];[c,d];[y];[5,7.5];[15,30];[s];[g,w];[w,p];[f];[f];[f];[f];[y];[d];[u]
Strophariaceae;Smoky-gilled Naematoloma;e;[2.5,7.5];[x];[s];[o];[f];[x];[c];[g,n];[5,7.5];[3,10];[e];[s];[n,p];[p];[f];[t];[z];[n];[d];[a]
Strophariaceae;Dispersed Naematoloma;u;[1,4];[b];[s];[o];[f];[x];[c];[w,g,n];[5,10];[1.5,5.5];[e];[k];[n,y];[p];[f];[t];[z];[n];[w];[u,a]
Strophariaceae;Sulfur Tuft;p;[2.5,8];[x,f];[s];[y];[f];[x];[c];[r,n];[5,12];[1.5,10];[c];[s];[y,o];[p];[f];[t];[z];[n];[w,g];[s,a]
Strophariaceae;Brick Tops;e;[4,10];[x,f];[d];[e];[f];[x];[c];[w,g];[5,10];[5,15];[e];[s];[w,g];[p];[f];[t];[z];[n];[d];[u,a]
Strophariaceae;Powder-scale Pholiota;u;[1,4];[c,x,f];[d,y];[n];[f];[s];[c];[w,y,o,b];[3,6];[3,5];[e];[g,y];[b];[p];[f];[t];[z];[n];[w];[u,a]
Strophariaceae;Bitter Pholiota;u;[2.5,5];[b];[t,d];[o];[t];[e];[c];[y];[5,10];[5];[e];[i];[y,o];[p];[f];[f];[f];[n];[w];[u,a]
Strophariaceae;Golden Pholiota;c;[5,15];[b,x];[t,y];[o];[f];[x];[c];[y,n];[5,10];[5,15];[e];[d,k,i,y];[y,n];[p];[w];[t];[e,z];[n];[d,w];[a]
Strophariaceae;Burnt-ground Pholiota;u;[2.5,5];[x,f,s];[t,y];[y,b,n];[f];[x];[c];[w,n];[2.5,5];[5];[e];[i,y];[y,n];[p];[e,o];[f];[f];[n];[w];[u,a]
Strophariaceae;Destructive Pholiota;e;[7.5,20];[x];[t];[w,b];[f];[x];[c];[w,n];[5,15];[1,3];[s];[s,k,y];[w];[p];[f];[t];[e];[n];[w];[a]
Strophariaceae;Yellow Pholiota;u;[4,10];[c,x];[t,y];[y];[f];[x];[c];[y];[5,12.5];[5,10];[s];[y,k];[y];[p];[y];[t];[z];[n];[w];[u,a]
Strophariaceae;Changing Pholiota;c;[1.5,6];[o,c,x,f];[t,s];[n,o,b];[f];[x,d];[c];[w,n];[5,10];[1.5,15];[e];[k,y];[w,n];[p];[w];[t];[z];[n];[d,w];[a]
Strophariaceae;Scaly Pholiota;p;[2.,10];[o,x,f];[d,y];[o,y];[f];[x];[c];[n,r];[5,10];[3,15];[c];[d,y];[o];[p];[y];[t];[z];[n];[d,w];[u,a]
Strophariaceae;Sharp-scaly Pholiota;e;[2.5,10];[o,x,f];[t,d,y];[w,n];[f];[x];[c];[w,n];[5,15];[5,15];[e];[d,k,y];[o,b];[p];[w];[t];[e];[n];[d];[a]
Strophariaceae;Ground Pholiota;e;[2,10];[c,x,f];[y];[n];[f];[x];[c];[n];[2.5,10];[3,10];[e];[y];[n];[p];[w];[t];[z];[n];[u,g,p];[u,a]
Strophariaceae;Potent Psilocybe;c;[1.5,5];[c,x,f];[t];[n];[t];[x];[c];[g];[5,7];[1.5,3];[e];[i];[w];[p];[f];[f];[f];[u];[w];[a]
Strophariaceae;Blue-foot Psilocybe;c;[1,3.5];[c,x,f,o];[d,s];[n,y];[t];[x];[c];[n];[3,6];[1.5,3];[s];[s];[w];[p];[f];[f];[f];[n];[d];[u,a]
Strophariaceae;Dung-loving Psilocybe;c;[1,3];[x,f];[s];[n];[f];[x];[d];[w,n];[2,4];[1.5,5];[e];[s];[w,n];[p];[f];[f];[f];[n];[w];[u,a]
Strophariaceae;Common Large Psilocybe;c;[1.5,9];[c,b,x,f];[t];[w,y];[t];[x];[c];[g,k];[3.5,15];[3,15];[s];[s,g];[w];[p];[f];[t];[p];[n];[w];[s,u,a,w]
Strophariaceae;Bluing Psilocybe;c;[2,4];[x,f];[t,s];[n];[t];[x];[d];[n];[6,8];[3,5];[s];[s];[w];[p];[w];[f];[f];[n];[d];[a]
Strophariaceae;Mountain Moss Psilocybe;u;[0.5,2.5];[c,x,o];[s];[n];[f];[x];[d];[n];[2.5,5];[1.5];[s];[d,s];[n];[p];[f];[f];[f];[n];[w];[u]
Strophariaceae;Conifer Psilocybe;c;[0.5,2];[c,b];[t,s];[n];[t];[x];[c];[n];[6,8];[1.5];[e];[i];[w,g];[p];[f];[f];[f];[n];[d];[a]
Strophariaceae;Liberty Cap;c;[1,2.5];[c,o];[t,s];[n];[t];[x];[c];[g,n];[5,10];[1.5];[e];[s];[w];[p];[f];[f];[f];[n];[g];[u,a]
Strophariaceae;Scaly-stalked Psilocybe;u;[2.5,7.5];[c,o];[y,t,s];[n,o];[f];[x];[c,d];[w,g,o];[6,12];[3,10];[e];[y];[n];[p];[f];[t];[e];[n];[w];[u,a]
Strophariaceae;Stuntz's Blue legs;c;[1.5,4];[c,x,f,o];[t,s];[n,r];[f];[x];[c,d];[w,n];[3,6];[3];[s];[s,i];[y];[p];[f];[t];[e,z];[n];[p,u];[a]
Strophariaceae;Green Stropharia;u;[2.5,7.5];[b,x,f];[t,y,s];[r];[f];[x];[c];[w,u,n];[2.5,7.5];[3,15];[e];[t,y,s];[w,l];[p];[w];[t];[e];[n];[g,w];[u,a]
Strophariaceae;Questionable Stropharia;u;[5,15];[x,o,f];[t,s];[y];[f];[x];[c];[w,g,n];[7.5,15];[10,20];[z];[k,i,y,s];[w];[p];[w];[t];[e,z];[n];[d];[u,a]
Strophariaceae;Garland Stropharia;p;[2.5,5];[x,f];[t,d,s];[y];[f];[x];[c];[w,n];[2.5,5];[3,10];[z];[d,i,s];[w];[p];[w];[t];[p];[n];[g];[u,a]
Strophariaceae;Hard's Stropharia;u;[2.5,10];[x,f];[t,d];[o,y];[f];[x];[c];[n];[5,7.5];[5,15];[z];[t,y];[w,y];[p];[w];[t];[p];[n];[d];[u]
Strophariaceae;Lacerated Stropharia;u;[5,15];[x,f];[t,s];[n];[f];[x];[c];[g,n];[5,12.5];[5,20];[z];[k,y];[w];[p];[w];[t];[p,f];[n];[d,w];[u,a]
Strophariaceae;Wine-cap Stropharia;e;[5,15];[b,x,f];[d,s];[e,n,w];[f];[x];[c];[w];[10,15];[10,20];[b,z];[s,i];[w];[p];[w];[t];[p];[n,k];[p,w];[s,u,a]
Strophariaceae;Round Stropharia;e;[1,5];[p,x];[t,s];[y];[f];[x];[c,d];[r,n];[5,7.5];[1.5,5];[e];[t];[w,y];[p];[f];[t];[z];[n];[w];[u]
Tricholomataceae;Shaggy-stalked Armillaria;u;[5,12.5];[x,f,o];[t,d,i,y];[y];[f];[x,e];[c];[w,y];[2.5,7.5];[10,25];[e];[i,y,s];[w,y,n];[p];[f];[t];[f];[w];[d];[u,a]
Tricholomataceae;Fragrant Armillaria;e;[5,12.5];[x,o];[d,y];[n];[f];[x];[c];[w];[5,10];[20,30];[e];[s];[w];[p];[w,n];[t];[p,r];[w];[d];[u,a]
Tricholomataceae;White Matsutake;e;[5,20];[x,f];[t,d,s,i,y];[w];[f];[x];[c];[w,n];[5,15];[20,40];[c];[s,k];[n,w];[p];[w];[t];[p];[w];[h];[u,a]
Tricholomataceae;Scaly Yellow Armillaria;u;[5,18];[c,x,o,f];[i,y,s];[y,w];[f];[x];[c];[w,y];[5,12.5];[15,25];[b];[s,y];[w,y];[p];[f];[t];[c];[w];[d];[u,a]
Tricholomataceae;Fetid Armillaria;e;[5,15];[p,f,x];[t,i,y];[o,n,r];[f];[x];[c];[w,n];[5,12.5];[10,25];[c];[y,i];[w];[p];[o];[t];[g];[w];[d];[u]
Tricholomataceae;Honey Mushroom;c;[2.5,10];[p,x,f];[t,d,y];[n,k];[f];[x,d];[d];[w];[5,15];[5,20];[e];[i];[w];[p];[f];[t];[p];[w];[d];[u,a]
Tricholomataceae;Ringless Honey Mushroom;c;[2.5,10];[x,f,s];[d,y];[n,o];[f];[d];[d];[w];[7.5,20];[5,15];[c];[i];[w,n];[f];[f];[f];[f];[w];[d];[a]
Tricholomataceae;Powder Cap;u;[1,2];[p];[d,k];[w];[f];[x];[d];[w];[2,3];[3,10];[e];[k,i];[w,n];[f];[f];[f];[f];[w];[w];[u,a]
Tricholomataceae;Conifer-cone Baeospora;u;[0.5,2];[x];[s];[n];[f];[x];[c];[w];[1.5,5.5];[1,1.5];[e];[d,i];[w,n];[f];[f];[f];[f];[w];[w];[a]
Tricholomataceae;Lavender Baeospora;u;[1,4];[x,f,s,o];[s];[u,n,b];[f];[x,e];[c];[u,n];[1,5];[1,3];[e];[d,g,s];[u,n];[f];[f];[f];[f];[w];[w];[u,a]
Tricholomataceae;Pink Calocybe;u;[1.5,2.5];[x,f];[d,s];[e,p];[f];[x,d];[c];[w];[1.5,2.5];[1.5,3];[e];[i];[p];[f];[f];[f];[f];[w];[u,g,d];[u,a]
Tricholomataceae;Grayling;e;[2.5,5];[x,f,s];[d];[n,g];[t];[d];[c];[w];[2.5,7.5];[3,5];[e];[s];[w,g];[f];[f];[f];[f];[w];[w];[u,a]
Tricholomataceae;Imperial Cat;e;[12.5,40];[x,f];[t,s];[n];[f];[d];[c];[y,g];[12.5,18];[50,75];[c];[d];[y,n];[p];[f];[t];[r,s,p];[w];[d];[u,a]
Tricholomataceae;Swollen-stalked Cat;e;[7.5,15];[c];[d,s];[w,g];[f];[d];[c,d];[w,b];[5,12.5];[25,50];[c];[d];[w,n];[p];[f];[t];[r,p];[w];[d];[u,a]
Tricholomataceae;Rooting Redwood Collybia;u;[2.5,15];[c,x,f];[s];[e,n];[f];[s];[c];[w,b];[5,15];[5,20];[s,r];[s];[b];[f];[f];[f];[f];[w];[d];[a]
Tricholomataceae;White Oysterette;u;[0.15,2];[p,o];[d];[w];[f];[d,x];[d];[w];[0];[0];[f];[f];[f];[f];[f];[f];[f];[w];[w];[u,a]
Tricholomataceae;Smoky-brown Clitocybe;u;[5,20];[x,f,s];[s,i,y];[n];[f];[d];[c];[w];[5,18];[10,30];[s];[s];[n];[f];[f];[f];[f];[w];[w];[a]
Tricholomataceae;Fat-footed Clitocybe;c;[2.5,7.5];[x,f,s];[s];[n];[f];[d];[d];[w];[2,6];[5,10];[b];[s];[w];[f];[f];[f];[f];[w];[d];[u,a]
Tricholomataceae;Sweating Mushroom;p;[1,4];[x,f,s];[d,s];[w,g,p];[f];[x,d];[c];[w];[2.5,5];[1.5,5];[e];[s,i];[w];[f];[f];[f];[f];[w];[d,g];[u]
Tricholomataceae;Crowded White Clitocybe;p;[5,15];[x,f];[d,s];[w];[f];[x,d];[c];[w,b];[5,12.5];[5,20];[e];[d,i];[w];[f];[f];[f];[f];[w];[p];[s,u,a]
Tricholomataceae;Wood Clitocybe;u;[2.5,5];[s,o];[i,y];[y];[f];[d];[d];[y];[2.5,5];[1.5,3];[e];[s];[y];[f];[f];[f];[f];[w];[d];[u]
Tricholomataceae;Funnel Clitocybe;e;[5,7.5];[x,s,o];[d,k];[n];[f];[d];[c];[w];[4,8];[5,10];[s];[s];[w];[f];[f];[f];[f];[w];[d];[u,a]
Tricholomataceae;Giant Clitocybe;e;[10,46];[x,f,o];[s,d,k];[w,b];[f];[d];[c];[w,b];[2.5,10];[25,50];[e];[d,s];[w];[f];[f];[f];[f];[w];[d,w];[u,a]
Tricholomataceae;Cloudy Clitocybe;u;[7.5,15];[x,f,s];[d,i];[g];[f];[d];[c];[w];[7.5,10];[25,40];[s];[i];[w];[f];[f];[f];[f];[y];[d];[u,a]
Tricholomataceae;Blewit;e;[5,15];[c,f,s];[d,s];[g,n];[f];[s];[c];[u,b];[2.5,7.5];[10,25];[b];[d,y];[u,g,n];[f];[f];[f];[f];[b];[w,p];[u,a]
Tricholomataceae;Anise-scented Clitocybe;e;[2.5,10];[c,f,s];[s];[n,l,w];[f];[x,d];[c];[w,b,n];[2.5,7.5];[3,15];[s];[s];[w,r];[f];[f];[f];[f];[w];[d];[u]
Tricholomataceae;Fragrant Clitocybe;u;[1,6];[x,f,s];[s];[n,p];[f];[x,d];[c,d];[b];[2,6];[1.5,5];[s];[k,h,s];[n,p];[f];[f];[f];[f];[b];[d];[u,a]
Tricholomataceae;Black-and-white Clitocybula;u;[2.5,10];[x,f,s,o];[i,d];[n];[f];[d];[d];[g];[5,12.5];[3,15];[s];[y,i];[n];[f];[f];[f];[f];[w];[d];[s,u,a]
Tricholomataceae;Family Collybia;e;[1,4];[b,x,f];[s];[b];[f];[x,e];[c];[w];[4,8];[1.5,3];[e];[s];[w];[f];[f];[f];[f];[w];[w];[u]
Tricholomataceae;Clustered Collybia;u;[2.5,5];[x,f];[d,s];[n];[f];[x,e];[c];[w,p];[3,10];[1.5,5];[e];[d,s];[n];[f];[f];[f];[f];[w];[w];[u,a]
Tricholomataceae;Little Brown Collybia;u;[1,3];[x,f];[d,s];[n,b];[f];[x,e];[c,d];[n];[2.5,7.5];[1,3];[e];[s,i];[n];[f];[f];[f];[f];[w];[w];[s,u,a]
Tricholomataceae;Tufted Collybia;c;[2.5,5];[x,f];[s];[n,p,w];[f];[e,x];[c];[w];[5,10];[1.5,5];[e];[i];[n,w];[f];[f];[f];[f];[w];[w];[u,a]
Tricholomataceae;Oak-loving Collybia;e;[1,5];[x,f];[d,s];[n,y];[f];[x];[c];[w,y];[1,7.5];[1.5,5];[e];[s];[n,r,w];[f];[f];[f];[f];[w];[d,w];[s,u,a]
Tricholomataceae;Violet Collybia;u;[1,3];[x,f];[d,w];[u];[f];[x];[d];[u];[2.5,5];[1.5,3];[s];[i];[w];[f];[f];[f];[f];[w];[w];[u,a]
Tricholomataceae;Spotted Collybia;e;[5,15];[x,f];[d,s];[w];[f];[x,e];[c];[w];[5,15];[5,15];[r];[d];[w];[f];[f];[f];[f];[b];[w];[u,a]
Tricholomataceae;Hairy-stalked Collybia;u;[1,3];[x,f,s];[d,s,w];[n];[f];[x,s];[c,d];[w];[2.5,7.5];[1,1.5];[s];[i];[n];[f];[f];[f];[f];[w];[w];[u,a]
Tricholomataceae;Tuberous Collybia;u;[3,10];[x,f];[d,s];[w,b];[f];[x];[c];[w];[1,2.5];[0.5,1];[[e];[d];[w];[f];[f];[f];[f];[w];[w];[u,a]
Tricholomataceae;Zoned-cap Collybia;u;[1,2.5];[x,f,s];[d,i];[o];[f];[e];[c];[w];[2.5,5];[1,1.5];[e];[i];[o];[f];[f];[f];[f];[w];[w];[u]
Tricholomataceae;Golden-scruffy Collybia;u;[0.5,2];[x,f];[d,w];[y];[f];[x,d];[d];[w];[2.5,5];[1,3];[e];[s,y];[y];[f];[f];[f];[f];[w];[d];[u,a]
Tricholomataceae;Velvet Foot;e;[2.5,5];[x,f];[t,s];[n,y,o];[f];[x];[c,d];[w,y];[2.5,7.5];[3,5];[c];[k];[y,n];[f];[f];[f];[f];[w];[d];[a,w,s]
Tricholomataceae;Golden-gilled Gerronema;u;[0.5,4];[x,f,s];[d,y];[r];[f];[d];[d];[y];[2.5,5];[1.5,3];[e];[s];[y,r];[f];[f];[f];[f];[y];[w];[u,a]
Tricholomataceae;Leaflike Oyster;e;[2.5,7.5];[o];[s];[w];[f];[d];[c];[w,g];[0];[0];[f];[f];[f];[f];[f];[f];[f];[w];[w];[u,a,s]
Tricholomataceae;Elm Oyster;e;[5,15];[x,f,s];[d,s,i,y];[w,y];[f];[x];[c,d];[w];[5,10];[10,20];[s];[d,s];[w];[f];[f];[f];[f];[w,b];[u];[a]
Tricholomataceae;Common Laccaria;c;[1,5];[x,f];[d,s];[n,w];[f];[x,d];[d];[n,p];[2.5,7.5];[3,5];[e];[i,d];[p,n];[f];[f];[f];[f];[w];[h];[u,a]
Tricholomataceae;Purple-gilled Laccaria;e;[5,20];[x,f];[d,s];[u,w];[f];[x];[d];[u];[5,20];[10,20];[e];[s,d,i];[w,u,n];[f];[f];[f];[f];[u];[g,d];[u,a]
Tricholomataceae;Sandy Laccaria;e;[2.5,7.5];[x,f];[i,y];[p,n];[f];[x];[d];[p,u];[2.5,10];[5,20];[s];[i];[p,n];[f];[f];[f];[f];[w];[h];[u,a]
Tricholomataceae;Cockle-shell Lentinus;u;[2.5,5];[f,s,o];[s];[n,b];[f];[d];[c];[w,n];[2.5,10];[3,10];[e];[s];[n];[f];[f];[f];[f];[w];[w];[u]
Tricholomataceae;Stalked Lentinellus;u;[2.5,5];[x,f,s];[s];[n];[f];[x];[d];[n];[0.5,5];[0.5,3];[e];[d];[n];[f];[f];[f];[f];[b];[w];[u,a]
Tricholomataceae;Bear Lentinus;u;[2.5,10];[o];[d];[n];[f];[d];[c];[p,n];[0];[0];[f];[f];[f];[f];[f];[f];[f];[w];[d];[u,a,w]
Tricholomataceae;Scaly Lentinus;e;[5,12.5];[x,f];[t,d,y];[w,b];[t];[s,d];[c,d];[w,b];[2.5,15];[10,20];[c];[s,y];[w,n];[p];[f];[t];[p];[w];[w];[s,u]
Tricholomataceae;Large Lentimus;r;[10,50];[x,f,s];[k,s,y];[w,y];[f];[d];[c];[w];[5,15];[25,50];[s];[s,y];[w,y,n];[f];[f];[f];[f];[w];[d];[u,a]
Tricholomataceae;White Leucopax;r;[2.5,10];[x,f];[d,s];[w];[f];[x,d];[c];[w];[5,7.5];[5,15];[b];[s];[w];[f];[f];[f];[f];[w];[d];[u,a]
Tricholomataceae;Bitter Leucopax;r;[5,12.5];[x,f];[s,d];[n,p];[f];[x];[c];[w];[5,7.5];[5,20];[b];[k];[w,n];[f];[f];[f];[f];[w];[d];[u]
Tricholomataceae;Fried-chicken Mushroom;c;[2.5,12.5];[x,f];[s];[g,y,n];[f];[x,d];[c];[w];[5,10];[5,20];[e];[s];[w];[f];[f];[f];[f];[w];[g,u,w,p];[u,a]
Tricholomataceae;Cucumber-scented Mushroom;u;[1,5];[b];[s,k];[n,o,b];[f];[x];[c];[w,p];[2.5,5];[1.5];[e];[i];[n];[f];[f];[f];[f];[p];[g];[s,u,a]
Tricholomataceae;White Marasmius;u;[1,3];[x,f];[g,d,h];[w];[f];[x];[d];[w,p];[1,2];[1,1.5];[s];[s,h];[w,k];[f];[f];[f];[f];[w];[m];[u,a]
Tricholomataceae;Black-footed Marasmius;u;[0];[o];[f];[f];[f];[x,d];[d];[w];[2.5,5];[1,1.5];[c];[i];[k];[f];[f];[f];[f];[w];[d];[u]
Tricholomataceae;Fused Marasmius;u;[1,4];[b,x,f,s];[d,s,w,k];[n];[f];[x];[d];[w,p,n];[2.5,7.5];[1,3];[e];[s,d,h];[n];[f];[f];[f];[f];[w];[d];[s,u]
Tricholomataceae;Fairy Ring Mushroom;c;[1,4];[b,x,o];[d,s,k];[n,w];[f];[x,e];[c,d];[w];[1,7.5];[1.5,5];[e];[d,s];[w,y,n];[f];[f];[f];[f];[w,b];[g,u];[s,u]
Tricholomataceae;Velvet-cap Marasmius;u;[1,3];[b,x];[k,d];[e,n,o];[f];[x,e];[d];[w,b];[5,12.5];[1.5,3];[e];[s,h];[n];[f];[f];[f];[f];[w];[d];[a]
Tricholomataceae;Pinwheel Marasmius;u;[0.15,1.5];[o,x,s];[d,s,k];[n,w];[f];[x];[d];[w];[1.5,8.5];[0.5,1];[e];[s,d,i];[w,n];[f];[f];[f];[f];[w];[w];[s,u,a]
Tricholomataceae;Garlic Marasmius;e;[0.5,3];[o,x,f];[d,s,w];[n,y];[f];[x,e];[c,d];[p,w];[1.5,6];[0.5,3];[c];[d,h];[w,n];[f];[f];[f];[f];[w];[w];[u,a]
Tricholomataceae;Orange Pinwheel Marasmius;u;[0.3,3];[o,b,x,s];[w,k];[o];[f];[x,e];[d];[w,y];[2.5,6.5];[0.5,1];[e];[d,s];[w,y,n];[f];[f];[f];[f];[w];[d];[u,a]
Tricholomataceae;Orange-yellow Marasmius;u;[2,6.5];[x,o];[s];[y];[f];[x];[c];[b];[2.5,7.5];[3,10];[e];[d,i];[w,y];[f];[f];[f];[f];[w];[w];[u]
Tricholomataceae;Yellowish-white Melanoleuca;e;[5,10];[b,f];[s];[n,b,w];[f];[x];[c];[w];[3,15];[5,10];[e];[s,i];[w,b];[f];[f];[f];[f];[w];[d];[u]
Tricholomataceae;Changeable Melanoleuca;e;[2.5,7.5];[x,f];[s];[n];[f];[s];[c];[w];[2.5,7.5];[3,20];[e];[i];[w];[f];[f];[f];[f];[w];[u,w,d,p];[u,a]
Tricholomataceae;Fetid Marasmius;u;[1,3];[x,f,o];[d];[n];[f];[x];[d];[y,e];[2,3];[1,1.5];[e];[k];[n];[f];[f];[f];[f];[w];[w];[u]
Tricholomataceae;Coral Spring Mycena;u;[0.3,1];[b,x,o];[s];[e,y];[f];[x];[c,d];[o,w];[1,6];[1];[e];[i];[y];[f];[f];[f];[f];[w];[d];[s,u]
Tricholomataceae;Yellow-stalked Mycena;u;[1,2];[o,x];[t,s];[y,r,w,p];[f];[x];[d];[w,y];[5,7.5];[1,1.5];[e];[t,i];[y,w];[f];[f];[f];[f];[w];[d];[u,a]
Tricholomataceae;Common Mycena;u;[2.5,7.5];[b];[w];[n];[f];[x];[c,d];[w,g,p];[5,12.5];[1.5,5];[e];[s];[w,g];[f];[f];[f];[f];[w];[w];[u,a]
Tricholomataceae;Bleeding Mycena;u;[1,5];[o,b,x,f];[d];[n,g];[f];[x];[c,d];[w];[2.5,10];[1,3];[e];[i];[w,e];[f];[f];[f];[f];[w];[w];[u]
Tricholomataceae;Orange Mycena;u;[1,5];[b,x,s];[t,h,s];[o,y];[f];[x];[c];[p,y];[3,7];[1.5,3];[e];[t,i];[o,y];[f];[f];[f];[f];[w];[d];[u]
Tricholomataceae;Walnut Mycena;u;[1,1.5];[o,b,f];[s];[y,o,w];[f];[x];[d];[y,p];[5,10];[1,1.5];[e];[s];[y];[f];[f];[f];[f];[w];[w];[a]
Tricholomataceae;Spotted Mycena;u;[2,5];[b,x,f];[t,s,w];[n,g];[f];[x];[c,d];[w,g];[0.3,1];[1.5,5];[e];[s];[n];[f];[f];[f];[f];[w];[d];[u,a]
Tricholomataceae;Large Mycena;u;[2.5,5];[x,f];[s];[n,g];[f];[x,d];[d];[w];[5,10];[1.5,5];[s];[d,s];[n];[f];[f];[f];[f];[w];[w];[s,u]
Tricholomataceae;Pink Mycena;c;[2.5,5];[o,x,f];[s];[e,u,g,w];[f];[x];[c,d];[w,g,p];[2.5,10];[1.5,5];[s];[s];[w,p,u];[f];[f];[f];[f];[w];[d];[u]
Tricholomataceae;Red-orange Mycena;u;[1,2];[c,b];[t,s];[e,y];[f];[x];[d];[y,o];[3,4];[1,1.5];[e];[s,i];[y];[f];[f];[f];[f];[w];[d];[u,a]
Tricholomataceae;Blue Mycena;u;[0.5,2];[o,b,x,f];[t,s];[l,n];[f];[x,e];[c];[w,g];[2.5,7.5];[1,3];[e];[s];[l,g,b];[f];[f];[f];[f];[w];[w];[u]
Tricholomataceae;Burn Site Mycena;u;[1,5];[x,f,s];[t,s];[n,g,w];[f];[x,d];[c];[w,g];[2.5,5];[1.5,3];[e];[s];[n];[f];[f];[f];[f];[w];[d];[s,a]
Tricholomataceae;Lichen Agaric;u;[0.5,3.5];[f,s,o];[s];[y,w];[f];[f];[f];[f];[1,3];[1,3];[s];[s];[n,y];[f];[f];[f];[f];[w];[w];[s,u]
Tricholomataceae;Jack O'Lantern;p;[7.5,20];[x,f,s];[d,s];[y];[f];[d];[c];[o];[7.5,20];[10,15];[c];[s,d];[y];[f];[f];[f];[f];[w];[d];[u,a]
Tricholomataceae;Rooted Oudemansiella;e;[2.5,10];[x,f];[t,s,w];[n,w];[f];[x];[d];[w];[5,20];[3,10];[s,r];[d];[w,n];[f];[f];[f];[f];[w];[d];[u,a]
Tricholomataceae;Late Fall Oyster;e;[2.5,10];[o];[t,s];[r,u];[f];[x,d];[c];[w,y];[0.5,2];[5,10];[e];[i];[n];[f];[f];[f];[f];[y];[d];[a]
Tricholomataceae;Luminescent Panellus;u;[1,3];[o,s];[d,i,y];[n];[f];[x,d];[c];[n];[0.5,1.5];[3,10];[e];[i];[b];[f];[f];[f];[f];[w];[w];[s,u,a]
Tricholomataceae;Ruddy Panus;u;[2.5,7.5];[o];[d,k,i];[p,n,u];[f];[d];[c];[w,n];[1,2];[3,10];[e];[i];[p,n];[f];[f];[f];[f];[w];[d];[s,u,a]
Tricholomataceae;Orange Mock Oyster;r;[2.5,7.5];[p,o];[d,i];[o,y,b];[f];[x];[c,d];[y,b];[0];[0];[f];[f];[f];[f];[f];[f];[f];[p];[d];[u,a]
Tricholomataceae;Angel's Wings;e;[2.5,10];[o];[d,s,i];[w];[f];[d];[c];[w];[0];[0];[f];[f];[f];[f];[f];[f];[f];[w];[w];[a]
Tricholomataceae;Veiled Oyster;e;[5,12.5];[x];[d,i,y];[w];[f];[s];[d,c];[w];[5,10];[10,30];[e];[s];[w];[p];[g];[t];[e];[w];[d];[u,a]
Tricholomataceae;Oyster Mushroom;e;[5,20];[o,p];[s];[w,n];[f];[d];[c,d];[w,y];[0.5,1];[5,10];[e];[s,d];[w];[f];[f];[f];[f];[w,g];[d];[s,u,a,w]
Tricholomataceae;Amyloid Tricholoma;u;[5,10];[x,f,s];[d,s];[g,n];[t];[x,d];[c];[g];[2.5,5];[15,20];[c];[s];[g,n];[f];[f];[f];[f];[w];[g];[u]
Tricholomataceae;Black Jelly Oyster;u;[0.3,0.5];[x,o];[d,i];[g,l];[f];[d];[d];[w,g,k];[0];[0];[f];[f];[f];[f];[f];[f];[f];[w];[w];[u,a]
Tricholomataceae;Netted Rhodotus;u;[2.5,5];[x];[d];[e,p,y];[f];[x];[c];[p];[2.5,5];[3,5];[e];[d,i];[e,p];[f];[f];[f];[f];[p];[w];[u]
Tricholomataceae;Orange Moss Agaric;u;[0.3,1.5];[x,f,s];[s];[o,b];[f];[d];[c,d];[w];[1,5];[1,1.5];[e];[i];[o,b];[f];[f];[f];[f];[w];[w];[u,a]
Tricholomataceae;Fringed Ripartites;u;[2.5,5];[x,f,s];[t,d,k];[w];[f];[x];[c];[w,n];[2.5,5];[3];[e];[i];[w,n];[p];[f];[f];[f];[n];[w];[u,a]
Tricholomataceae;Magnolia-cone Mushroom;u;[0.5,2];[x,f];[d,i];[w];[f];[x];[c];[w];[2.5,5];[1,1.5];[e];[d,i];[w];[f];[f];[f];[f];[w];[d];[a]
Tricholomataceae;Douglas-fir Collybia;u;[0.5,2];[x,f,s];[d,s,w,i];[w,p,n];[f];[x];[c];[w,p];[2.5,5];[1,1.5];[e];[d,i];[w,y,n];[f];[f];[f];[f];[w];[w];[u,a]
Tricholomataceae;Veiled Panus;u;[1,1.5];[x,o];[t,d,i];[n];[f];[d];[d];[n];[0.1,0.3];[0.5,1.5];[e];[d];[n];[p];[b];[f];[f];[w];[w];[u,a]
Tricholomataceae;Veiled Trich;r;[4,9];[x,f];[t,y];[e,o];[f];[s];[c];[w,n];[5,7.5];[10,15];[e];[y];[w];[p];[f];[f];[f];[w];[d];[u,a]
Tricholomataceae;Canary Trich;e;[5,10];[x,f];[y,y];[y,e];[f];[s,e];[c];[y];[2.5,5];[10,20];[b];[s];[w];[f];[f];[f];[f];[w];[h];[u,a]
Tricholomataceae;Shingled Trich;u;[2.5,10];[c,x,o];[d,y];[n];[f];[s];[c];[w,n];[5,10];[10,15];[e];[s,i];[w,b,n];[f];[f];[f];[f];[w];[d];[a]
Tricholomataceae;Dirty Trich;p;[5,15];[x,f];[d,y];[w,g];[f];[s];[c];[w];[5,15];[10,20];[s];[d,s];[w];[f];[f];[f];[f];[w];[d];[u,a]
Tricholomataceae;Red-brown Trich;p;[5,15];[x,f];[t,s,y];[n];[f];[s];[c];[w];[7.5,10];[10,20];[c];[s];[w,n];[f];[f];[f];[f];[w];[d];[a]
Tricholomataceae;Poplar Trich;e;[5,15];[x,f];[t,i];[n];[f];[s];[c];[w];[2.5,7.5];[10,30];[s];[s];[w];[f];[f];[f];[f];[w];[d,h];[u,a]
Tricholomataceae;Sticky Gray Trich;c;[5,12.5];[x,o];[t,i];[g,u,y];[f];[s];[c];[w,g,y];[5,10];[10,20];[e];[i];[w,y];[f];[f];[f];[f];[w];[d,h];[a]
Tricholomataceae;Soapy Trich;r;[4,8];[x,f];[d,s,y];[g,r,y];[f];[s,x];[d];[w];[5,8];[15,20];[r];[s,y];[w,u];[f];[f];[f];[f];[w];[d];[u,a]
Tricholomataceae;Separating Trich;u;[5,7.5];[x,o];[t,d,i];[y,k];[f];[s];[c];[w];[5,10];[10,20];[e];[s,i];[w,y];[f];[f];[f];[f];[w];[d];[u,a]
Tricholomataceae;Russet-scaly Trich;u;[2.5,7.5];[c,x,f,o];[i,d,y];[n];[f];[s];[c];[b,n];[2.5,7.5];[10,15];[s];[d,i,y];[n];[p];[f];[f];[f];[w];[d];[u,a]
Tricholomataceae;Fibril Trich;u;[5,10];[c];[d,i,y];[g,u];[f];[s];[c];[w];[7.5,12.5];[10,20];[e];[s,i];[w];[f];[f];[f];[f];[w];[d];[u,a]
Tricholomataceae;Decorated Mop;u;[3,6];[x,s];[i,y];[k];[f];[x];[c];[y];[3,6];[3,10];[e];[y];[y];[f];[f];[f];[f];[w];[w];[u,a]
Tricholomataceae;Platterful Mushroom;c;[5,12.5];[b,x,f,s];[i];[n];[f];[x];[d];[w];[7.5,12.5];[10,20];[z];[i];[w];[f];[f];[f];[f];[w];[w];[s,u,a]
Tricholomataceae;Variegated Mop;r;[5,10];[x,f];[d];[y];[f];[s,x];[c];[y];[5,10];[50,200];[e];[y];[y,e];[f];[f];[f];[f];[w];[d];[s,a]
Tricholomataceae;Yellow Oyster Mop;u;[2.5,7.5];[x];[i,y];[y,n];[f];[d,s];[c];[y,n,w];[2.5,7.5];[5];[e];[i];[y,n];[f];[f];[f];[f];[w];[w];[u,a]
Tricholomataceae;Fuzzy Foot;u;[0.3,2.5];[x,s];[s];[o,n];[f];[d];[d];[y,o];[1,5];[0.5,3];[b];[s];[y,n];[f];[f];[f];[f];[b];[w];[s,u,a]
